time,source,location,id,username,language,favorite_count,retweet_count,followers_count,statuses_count,friends_count,text,remove_user,cleaning,tokenisasi,stopword_removal
10/23/2022 9:55,Twitter for Android,,1.58412e+18,Scetzi,in,0,0,0,69,11,"b'@jokowi gmna mau maju pakde,wong utang mulu....harusnya pendidikan yg dibangun...ehh malah ifrakstuktur.....hmmm'","b' gmna mau maju pakde,wong utang mulu....harusnya pendidikan yg dibangun...ehh malah ifrakstuktur.....hmmm'", gmna mau maju pakde wong utang mulu harusnya pendidikan dibangun ehh malah ifrakstuktur hmm ,"['', 'gmna', 'mau', 'maju', 'pakde', 'wong', 'utang', 'mulu', 'harusnya', 'pendidikan', 'dibangun', 'ehh', 'malah', 'ifrakstuktur', 'hmm', '']", gmna maju pakde utang mulu pendidikan dibangun ehh ifrakstuktur hmm 
10/23/2022 9:55,Twitter for Android,Jakarta,1.58412e+18,Vine Wine,in,0,0,1128,12514,1218,b'@m45broo_ mirip jokowi yaa...\xf0\x9f\x91\x8d\xf0\x9f\x91\x8d',b' mirip jokowi yaa...\xf0\x9f\x91\x8d\xf0\x9f\x91\x8d', mirip jokowi yaa ,"['', 'mirip', 'jokowi', 'yaa', '']", jokowi yaa 
10/23/2022 9:55,Twitter for Android,Bebas kadrun,1.58412e+18,Bima Sakti,in,0,0,1236,28519,1050,"b'@cnnindonesia pak jokowi cuma bilang, jangan pilih capres/cawapres yg gabener.....tau kan siapa yg di maksud ??\n#bapakpolitikidentitas \n#bapakpolitikidentitas \n#bapakpolitikidentitas'","b' pak jokowi cuma bilang, jangan pilih capres/cawapres yg gabener.....tau kan siapa yg di maksud ??\n#bapakpolitikidentitas \n#bapakpolitikidentitas \n#bapakpolitikidentitas'", pak jokowi cuma bilang jangan pilih capres cawapres gabener tau kan siapa maksud bapakpolitikidentitas bapakpolitikidentitas bapakpolitikidentitas ,"['', 'pak', 'jokowi', 'cuma', 'bilang', 'jangan', 'pilih', 'capres', 'cawapres', 'gabener', 'tau', 'kan', 'siapa', 'maksud', 'bapakpolitikidentitas', 'bapakpolitikidentitas', 'bapakpolitikidentitas', '']", jokowi bilang pilih capres cawapres gabener tau maksud bapakpolitikidentitas bapakpolitikidentitas bapakpolitikidentitas 
10/23/2022 9:54,Twitter for Android,,1.58412e+18,ð™†ð™–ð™™ð™–ð™£ð™œ ð™‰ð™œð™–ð™£ð™©ð™ªð™ ,in,0,0,2419,16947,1388,"b'belajar dari brazil, indonesia kembangkan bahan bakar nabati.\n\njokowi gaspoll pertahnan energi https://t.co/eixsmshdhc'","b'belajar dari brazil, indonesia kembangkan bahan bakar nabati.\n\njokowi gaspoll pertahnan energi https://t.co/eixsmshdhc'", belajar dari brazil indonesia kembangkan bahan bakar nabati njokowi gaspoll pertahnan energi ,"['', 'belajar', 'dari', 'brazil', 'indonesia', 'kembangkan', 'bahan', 'bakar', 'nabati', 'njokowi', 'gaspoll', 'pertahnan', 'energi', '']", belajar brazil indonesia kembangkan bahan bakar nabati njokowi gaspoll pertahnan energi 
10/23/2022 9:54,Twitter for Android,,1.58412e+18,Arafah 5 PDIS ,in,0,0,5,215,6,"b'elite demokrat: jokowi hanya sekadar janji, anies sebaliknya #ahypemimpinperubahan  https://t.co/hzt4buojpj'","b'elite demokrat: jokowi hanya sekadar janji, anies sebaliknya #ahypemimpinperubahan  https://t.co/hzt4buojpj'", elite demokrat jokowi hanya sekadar janji anies sebaliknya ahypemimpinperubahan ,"['', 'elite', 'demokrat', 'jokowi', 'hanya', 'sekadar', 'janji', 'anies', 'sebaliknya', 'ahypemimpinperubahan', '']", elite demokrat jokowi janji anies ahypemimpinperubahan 
10/23/2022 9:54,Twitter for iPhone,"Menteng, Indonesia",1.58412e+18,Bayang Bayang Masa Lalu,in,0,0,2109,37062,1143,"b'@nasdem kelurlah dari koalisi, tahu malulah..jgn jadi beban presiden @jokowi'","b' kelurlah dari koalisi, tahu malulah..jgn jadi beban presiden '", kelurlah dari koalisi tahu malulah jgn jadi beban presiden ,"['', 'kelurlah', 'dari', 'koalisi', 'tahu', 'malulah', 'jgn', 'jadi', 'beban', 'presiden', '']", kelurlah koalisi malulah jgn beban presiden 
10/23/2022 9:54,Twitter for Android,,1.58412e+18,Arafah 5 PDIS ,in,0,0,5,215,6,"b'reshuffle kabinet, demokrat minta jokowi contohi sby di tahun terakhir jabatannya #ahypemimpinperubahan  https://t.co/2h7c9siwxn'","b'reshuffle kabinet, demokrat minta jokowi contohi sby di tahun terakhir jabatannya #ahypemimpinperubahan  https://t.co/2h7c9siwxn'", reshuffle kabinet demokrat minta jokowi contohi sby tahun terakhir jabatannya ahypemimpinperubahan ,"['', 'reshuffle', 'kabinet', 'demokrat', 'minta', 'jokowi', 'contohi', 'sby', 'tahun', 'terakhir', 'jabatannya', 'ahypemimpinperubahan', '']", reshuffle kabinet demokrat jokowi contohi sby jabatannya ahypemimpinperubahan 
10/23/2022 9:54,Twitter for Android,,1.58412e+18,andry ervi,in,0,0,0,21,42,b'@detikcom terus fungsi @bpom_ri apa ya... kok sampek kelolosan? \nharus ada yang tanggung jawab masalah ini... \xc2\xb1130 nyawa anak menghilang... @jokowi @mohmahfudmd @listyosigitp @divhumas_polri',b' terus fungsi  apa ya... kok sampek kelolosan? \nharus ada yang tanggung jawab masalah ini... \xc2\xb1130 nyawa anak menghilang...    ', terus fungsi apa kok sampek kelolosan nharus ada yang tanggung jawab masalah ini nyawa anak menghilang ,"['', 'terus', 'fungsi', 'apa', 'kok', 'sampek', 'kelolosan', 'nharus', 'ada', 'yang', 'tanggung', 'jawab', 'masalah', 'ini', 'nyawa', 'anak', 'menghilang', '']", fungsi sampek kelolosan nharus tanggung nyawa anak menghilang 
10/23/2022 9:54,Twitter for Android,,1.58412e+18,Maria Juita,in,0,0,0,1,6,b'semoga bapak jokowi melihat ini https://t.co/anvp2cltou',b'semoga bapak jokowi melihat ini https://t.co/anvp2cltou', semoga bapak jokowi melihat ini ,"['', 'semoga', 'bapak', 'jokowi', 'melihat', 'ini', '']", semoga jokowi 
10/23/2022 9:54,Twitter Web App,,1.58412e+18,Djie_GA,in,0,0,262,1495,627,b'@abdulazizlatte @jokowi sp itu cerdas mana mau denger orang yang selalu sembrono baik bicara maupun bersikap menasihati untuk tidak sembrono makanya ambil jalan sendiri \xf0\x9f\x98\x85',b'  sp itu cerdas mana mau denger orang yang selalu sembrono baik bicara maupun bersikap menasihati untuk tidak sembrono makanya ambil jalan sendiri \xf0\x9f\x98\x85', itu cerdas mana mau denger orang yang selalu sembrono baik bicara maupun bersikap menasihati untuk tidak sembrono makanya ambil jalan sendiri ,"['', 'itu', 'cerdas', 'mana', 'mau', 'denger', 'orang', 'yang', 'selalu', 'sembrono', 'baik', 'bicara', 'maupun', 'bersikap', 'menasihati', 'untuk', 'tidak', 'sembrono', 'makanya', 'ambil', 'jalan', 'sendiri', '']", cerdas denger orang sembrono bicara bersikap menasihati sembrono ambil jalan 
10/23/2022 9:54,Twitter for Android,,1.58412e+18,Arafah 5 PDIS ,in,0,0,5,215,6,b'demokrat desak jokowi tindaklanjuti rekomendasi tgipf kanjuruhan #ahypemimpinperubahan  https://t.co/gvzsikgb9r',b'demokrat desak jokowi tindaklanjuti rekomendasi tgipf kanjuruhan #ahypemimpinperubahan  https://t.co/gvzsikgb9r', demokrat desak jokowi tindaklanjuti rekomendasi tgipf kanjuruhan ahypemimpinperubahan ,"['', 'demokrat', 'desak', 'jokowi', 'tindaklanjuti', 'rekomendasi', 'tgipf', 'kanjuruhan', 'ahypemimpinperubahan', '']", demokrat desak jokowi tindaklanjuti rekomendasi tgipf kanjuruhan ahypemimpinperubahan 
10/23/2022 9:54,Twitter for Android,,1.58412e+18,Ardhanta,in,0,0,713,11413,1111,b'@lembayung071 @jokowi ok siap jika dibutuhkan',b'  ok siap jika dibutuhkan', siap jika dibutuhkan ,"['', 'siap', 'jika', 'dibutuhkan', '']", dibutuhkan 
10/23/2022 9:53,Twitter for Android,Jakarta,1.58412e+18,RILIS.ID,in,0,0,8236,47022,169,b'pegiat umkm akui infrastruktur era jokowi mudahkan distribusi hasil usaha rakyat\xc2\xa0\nhttps://t.co/ucmpwk6cef',b'pegiat umkm akui infrastruktur era jokowi mudahkan distribusi hasil usaha rakyat\xc2\xa0\nhttps://t.co/ucmpwk6cef', pegiat umkm akui infrastruktur era jokowi mudahkan distribusi hasil usaha rakyat ,"['', 'pegiat', 'umkm', 'akui', 'infrastruktur', 'era', 'jokowi', 'mudahkan', 'distribusi', 'hasil', 'usaha', 'rakyat', '']", pegiat umkm akui infrastruktur era jokowi mudahkan distribusi hasil usaha rakyat 
10/23/2022 9:53,Twitter for Android,jogja,1.58412e+18,Edu,in,1,0,2630,95383,3583,"b'@josiewirakusuma @desri24428503 @usuludin321 jokowi tetap presiden, yg berikutnya cm penglanjut program pembangunan nasional di indonesia.\ntak ada ganti presiden cm dilanjutkan oleh pejabat berikutnya.\n#2024lanjutkanprogramjkw'","b'   jokowi tetap presiden, yg berikutnya cm penglanjut program pembangunan nasional di indonesia.\ntak ada ganti presiden cm dilanjutkan oleh pejabat berikutnya.\n#2024lanjutkanprogramjkw'", jokowi tetap presiden berikutnya penglanjut program pembangunan nasional indonesia ntak ada ganti presiden dilanjutkan oleh pejabat berikutnya lanjutkanprogramjkw ,"['', 'jokowi', 'tetap', 'presiden', 'berikutnya', 'penglanjut', 'program', 'pembangunan', 'nasional', 'indonesia', 'ntak', 'ada', 'ganti', 'presiden', 'dilanjutkan', 'oleh', 'pejabat', 'berikutnya', 'lanjutkanprogramjkw', '']", jokowi presiden penglanjut program pembangunan nasional indonesia ntak ganti presiden dilanjutkan pejabat lanjutkanprogramjkw 
10/23/2022 9:53,Twitter for Android,"Kota Medan, Sumatera Utara",1.58412e+18,tomsancong,in,0,0,33,1591,133,"b'@dhar3m @paskaliso @sahabatsaber halaahh paling juga pemburu blt ini yang ngomong , makanya bertuhan sama jokowi'","b'   halaahh paling juga pemburu blt ini yang ngomong , makanya bertuhan sama jokowi'", halaahh paling juga pemburu blt ini yang ngomong makanya bertuhan sama jokowi ,"['', 'halaahh', 'paling', 'juga', 'pemburu', 'blt', 'ini', 'yang', 'ngomong', 'makanya', 'bertuhan', 'sama', 'jokowi', '']", halaahh pemburu blt ngomong bertuhan jokowi 
10/23/2022 9:53,Twitter for iPad,,1.58412e+18,Gunardy Rahman,in,0,0,57,71,109,"b'hasilnya, prabowo-erick tetap paling banyak dipilih dengan elektabilitas 37,5% mending prabowo https://t.co/zlvsybfky2 dekade08'","b'hasilnya, prabowo-erick tetap paling banyak dipilih dengan elektabilitas 37,5% mending prabowo https://t.co/zlvsybfky2 dekade08'", hasilnya prabowo erick tetap paling banyak dipilih dengan elektabilitas mending prabowo dekade ,"['', 'hasilnya', 'prabowo', 'erick', 'tetap', 'paling', 'banyak', 'dipilih', 'dengan', 'elektabilitas', 'mending', 'prabowo', 'dekade', '']", hasilnya prabowo erick dipilih elektabilitas mending prabowo dekade 
10/23/2022 9:53,Twitter for Android,,1.58412e+18,Titafr,in,0,0,5,112,8,b'@rooneykemur jokowi mempercepat distribusi blt bbm https://t.co/sxkqmlv2vn',b' jokowi mempercepat distribusi blt bbm https://t.co/sxkqmlv2vn', jokowi mempercepat distribusi blt bbm ,"['', 'jokowi', 'mempercepat', 'distribusi', 'blt', 'bbm', '']", jokowi mempercepat distribusi blt bbm 
10/23/2022 9:53,Twitter for Mac,,1.58412e+18,Anthony Situmeang,in,0,0,67,81,144,"b'ips menanyakan kepada responden jika pilpres diikuti tiga pasangan. ternyata, sebanyak 37,5% mengaku akan memilih prabowo-erick mending prabowo https://t.co/nrdao6ffwx dekade08'","b'ips menanyakan kepada responden jika pilpres diikuti tiga pasangan. ternyata, sebanyak 37,5% mengaku akan memilih prabowo-erick mending prabowo https://t.co/nrdao6ffwx dekade08'", ips menanyakan kepada responden jika pilpres diikuti tiga pasangan ternyata sebanyak mengaku akan memilih prabowo erick mending prabowo dekade ,"['', 'ips', 'menanyakan', 'kepada', 'responden', 'jika', 'pilpres', 'diikuti', 'tiga', 'pasangan', 'ternyata', 'sebanyak', 'mengaku', 'akan', 'memilih', 'prabowo', 'erick', 'mending', 'prabowo', 'dekade', '']", ips responden pilpres diikuti pasangan mengaku memilih prabowo erick mending prabowo dekade 
10/23/2022 9:53,Twitter for Android,,1.58412e+18,Muslim_AntiBangsatBangsa,in,0,0,1124,13743,1160,b'@abdulazizlatte @warganet1969 @jokowi sebagai petugas partai https://t.co/b9glwkl5sz',b'   sebagai petugas partai https://t.co/b9glwkl5sz', sebagai petugas partai ,"['', 'sebagai', 'petugas', 'partai', '']", petugas partai 
10/23/2022 9:53,Twitter for Android,,1.58412e+18,Egi aNdRa MunThE,in,0,0,65,452,414,"b'@sudjhon @andisinulingga @jokowi sebagai ketua umum partai, y hak dia la mw dukung siapa..\xf0\x9f\x98\x82\xf0\x9f\x98\x82,,yg lucunya anda malah bahas etika,tanya tuh ketua umum nya pak presiden yg terhormat, dmn etika-nya pada pilpres 2014 lalu tentang perjanjian batu tulis..\xf0\x9f\x98\x82\xf0\x9f\x98\x82'","b'   sebagai ketua umum partai, y hak dia la mw dukung siapa..\xf0\x9f\x98\x82\xf0\x9f\x98\x82,,yg lucunya anda malah bahas etika,tanya tuh ketua umum nya pak presiden yg terhormat, dmn etika-nya pada pilpres 2014 lalu tentang perjanjian batu tulis..\xf0\x9f\x98\x82\xf0\x9f\x98\x82'", sebagai ketua umum partai hak dia dukung siapa lucunya anda malah bahas etika tanya tuh ketua umum nya pak presiden terhormat dmn etika nya pada pilpres lalu tentang perjanjian batu tulis ,"['', 'sebagai', 'ketua', 'umum', 'partai', 'hak', 'dia', 'dukung', 'siapa', 'lucunya', 'anda', 'malah', 'bahas', 'etika', 'tanya', 'tuh', 'ketua', 'umum', 'nya', 'pak', 'presiden', 'terhormat', 'dmn', 'etika', 'nya', 'pada', 'pilpres', 'lalu', 'tentang', 'perjanjian', 'batu', 'tulis', '']", ketua partai hak dukung lucunya bahas etika tuh ketua nya presiden terhormat dmn etika nya pilpres perjanjian batu tulis 
10/23/2022 9:53,Twitter for Android,Indonesia,1.58412e+18,AntonKurniawan001,in,1,0,885,8749,1966,b'@bambang20020901 @mrpitulo @ermi_purba @thrashmetal16 @johnvirgovj @agung_milala @hudabdullah10 @el_banasari @srikandiindo1 @setyoprihandono @najatom26 @dnayza1212 @albertsantoso7 @ronaldua1 @agusria74905035 @arismustamin2 @jenong26297101 @boeditomo19 @zrsaja @bukan_thanos__ @supri_prp @tengkuzainalar1 @jembatanmerah11 @bluesvoja8503 @hunterjagar3 @1ndonesiaku_ @abd_hrp @abenk12356649 @ales21070844 @alexblck @ardye_ms @arifsudiharto @asuhan1nfinite @benajalo1 @dimaselagie @doel_riyadh @eyang1955 @rustaman_uus @sa16987601san @sannyindra @sastrorejo @zupersoeprie @abahada93465109 @alsangkily @bettahalfmoon09 @bukitalami @jokowi mana \nsuara mu \n@mrpitulo',b'                                               mana \nsuara mu \n', mana nsuara ,"['', 'mana', 'nsuara', '']", nsuara 
10/23/2022 9:53,Twitter for Android,,1.58412e+18,Relawan ANIES_Official,in,0,0,320,315,146,"b'maaf mau tanya, memang pak @jokowi sudah jadi dewan pembina @partaigolkar ya?\n@airlangga_hrt https://t.co/w7hhgxeus8'","b'maaf mau tanya, memang pak  sudah jadi dewan pembina  ya?\n https://t.co/w7hhgxeus8'", maaf mau tanya memang pak sudah jadi dewan pembina ,"['', 'maaf', 'mau', 'tanya', 'memang', 'pak', 'sudah', 'jadi', 'dewan', 'pembina', '']", maaf dewan pembina 
10/23/2022 9:52,Twitter for Mac,,1.58412e+18,Rahardian Dewandi,in,0,0,59,71,148,b'pasangan prabowo-erick menumbangkan pasangan yang sudah tenar secara popularitas. mending prabowo https://t.co/sc4lcbx4bh dekade08',b'pasangan prabowo-erick menumbangkan pasangan yang sudah tenar secara popularitas. mending prabowo https://t.co/sc4lcbx4bh dekade08', pasangan prabowo erick menumbangkan pasangan yang sudah tenar secara popularitas mending prabowo dekade ,"['', 'pasangan', 'prabowo', 'erick', 'menumbangkan', 'pasangan', 'yang', 'sudah', 'tenar', 'secara', 'popularitas', 'mending', 'prabowo', 'dekade', '']", pasangan prabowo erick menumbangkan pasangan tenar popularitas mending prabowo dekade 
10/23/2022 9:52,Twitter for Android,,1.58412e+18,E.S.H,in,0,0,22,640,382,"b'@husinshihab @m45broo_ @jokowi izin tanya bang, legal standing itu apa ya?'","b'   izin tanya bang, legal standing itu apa ya?'", izin tanya bang legal standing itu apa ,"['', 'izin', 'tanya', 'bang', 'legal', 'standing', 'itu', 'apa', '']", izin bang legal standing 
10/23/2022 9:52,TweetDeck,Aceh,1.58412e+18,Serambi Indonesia,in,0,0,104032,302583,940,"b'#jokowi #hutgolkar #capres2024 \n\n""jangan sembarangan menentukan calon pilot dan kopilot yang akan dipilih oleh rakyat. juga jangan sembarangan memilih calon presiden dan wakil presiden,"" kata jokowi\n\nhttps://t.co/rjd8ma7inj.'","b'#jokowi #hutgolkar #capres2024 \n\n""jangan sembarangan menentukan calon pilot dan kopilot yang akan dipilih oleh rakyat. juga jangan sembarangan memilih calon presiden dan wakil presiden,"" kata jokowi\n\nhttps://t.co/rjd8ma7inj.'", jokowi hutgolkar capres jangan sembarangan menentukan calon pilot dan kopilot yang akan dipilih oleh rakyat juga jangan sembarangan memilih calon presiden dan wakil presiden kata jokowi ,"['', 'jokowi', 'hutgolkar', 'capres', 'jangan', 'sembarangan', 'menentukan', 'calon', 'pilot', 'dan', 'kopilot', 'yang', 'akan', 'dipilih', 'oleh', 'rakyat', 'juga', 'jangan', 'sembarangan', 'memilih', 'calon', 'presiden', 'dan', 'wakil', 'presiden', 'kata', 'jokowi', '']", jokowi hutgolkar capres sembarangan menentukan calon pilot kopilot dipilih rakyat sembarangan memilih calon presiden wakil presiden jokowi 
10/23/2022 9:52,Twitter for Mac,Jakarta,1.58412e+18,Seno Purnama,in,0,0,65,74,146,"b'terkait elektoral, pasangan prabowo-erick selalu menempati posisi teratas elektabilitas. mending prabowo https://t.co/1ywjamdsyv dekade08'","b'terkait elektoral, pasangan prabowo-erick selalu menempati posisi teratas elektabilitas. mending prabowo https://t.co/1ywjamdsyv dekade08'", terkait elektoral pasangan prabowo erick selalu menempati posisi teratas elektabilitas mending prabowo dekade ,"['', 'terkait', 'elektoral', 'pasangan', 'prabowo', 'erick', 'selalu', 'menempati', 'posisi', 'teratas', 'elektabilitas', 'mending', 'prabowo', 'dekade', '']", terkait elektoral pasangan prabowo erick menempati posisi teratas elektabilitas mending prabowo dekade 
10/23/2022 9:52,Twitter for Android,"Kota Medan, Sumatera Utara",1.58412e+18,tomsancong,in,0,0,33,1591,133,"b'@polosutrisno @paskaliso @sahabatsaber kerja keraspun kau kalo angkat semen rutinitasmu tetap aja kau menderita , apa udah sukses kau dibuat jokowi ? pernah dengar kau gaji dokter 75 ribu kerja per 8 jam ? pernah dengar kau insentif dokter gak dikeluarkan ?'","b'   kerja keraspun kau kalo angkat semen rutinitasmu tetap aja kau menderita , apa udah sukses kau dibuat jokowi ? pernah dengar kau gaji dokter 75 ribu kerja per 8 jam ? pernah dengar kau insentif dokter gak dikeluarkan ?'", kerja keraspun kau kalo angkat semen rutinitasmu tetap aja kau menderita apa udah sukses kau dibuat jokowi pernah dengar kau gaji dokter ribu kerja per jam pernah dengar kau insentif dokter gak dikeluarkan ,"['', 'kerja', 'keraspun', 'kau', 'kalo', 'angkat', 'semen', 'rutinitasmu', 'tetap', 'aja', 'kau', 'menderita', 'apa', 'udah', 'sukses', 'kau', 'dibuat', 'jokowi', 'pernah', 'dengar', 'kau', 'gaji', 'dokter', 'ribu', 'kerja', 'per', 'jam', 'pernah', 'dengar', 'kau', 'insentif', 'dokter', 'gak', 'dikeluarkan', '']", kerja keraspun kau kalo angkat semen rutinitasmu aja kau menderita udah sukses kau jokowi dengar kau gaji dokter ribu kerja jam dengar kau insentif dokter gak dikeluarkan 
10/23/2022 9:52,Twitter for Android,,1.58412e+18,ABAH JUNED86,in,0,0,116,9330,89,b'@setkabgoid @jokowi presiden mirip sales jualan cancut',b'  presiden mirip sales jualan cancut', presiden mirip sales jualan cancut ,"['', 'presiden', 'mirip', 'sales', 'jualan', 'cancut', '']", presiden sales jualan cancut 
10/23/2022 9:52,Twitter for Android,"Bekasi Selatan, Indonesia",1.58412e+18,Virdi,in,0,0,11,1694,25,b'@husinshihab @basuki_btp @jokowi maha karya mereka.. https://t.co/jcryq95ykw',b'   maha karya mereka.. https://t.co/jcryq95ykw', maha karya mereka ,"['', 'maha', 'karya', 'mereka', '']", maha karya 
10/23/2022 9:52,Twitter for Android,KOTAWARINGIN TIMUR,1.58412e+18,suPRIAdi,in,0,0,58,10833,151,b'@aniesbaswedan @stereoflow @jakartatourism @tamanhutandki @dkijakarta kecuali ditendang jokowi https://t.co/aqnun3yrku',b'     kecuali ditendang jokowi https://t.co/aqnun3yrku', kecuali ditendang jokowi ,"['', 'kecuali', 'ditendang', 'jokowi', '']", kecuali ditendang jokowi 
10/23/2022 9:52,Twitter Web App,,1.58412e+18,Siti sarah,in,0,0,6,772,7,"b'@genzetofficial @erickthohir emng iys sihh klo diliat2, pak erick thohir sllu jdi andalah oleh pak jokowi'","b'  emng iys sihh klo diliat2, pak erick thohir sllu jdi andalah oleh pak jokowi'", emng iys sihh klo diliat pak erick thohir sllu jdi andalah oleh pak jokowi ,"['', 'emng', 'iys', 'sihh', 'klo', 'diliat', 'pak', 'erick', 'thohir', 'sllu', 'jdi', 'andalah', 'oleh', 'pak', 'jokowi', '']", emng iys sihh klo diliat erick thohir sllu jdi jokowi 
10/23/2022 9:52,Twitter for iPhone,,1.58412e+18,hendro0045,in,0,0,42,231,172,"b'@jokowi pilkada tidak menghasilkan beras, ikan, daging, pertumbuhan ekonomi, kualitas sdm, dll. pilkada lebih mempertajam perselisihan golongan, si kaya dan si miskin, dll yang memicu instabilitas keamanan. sebagai pembayar pajak yg dipotong tiap bulan dari gaji, saya keberatan pilkada.'","b' pilkada tidak menghasilkan beras, ikan, daging, pertumbuhan ekonomi, kualitas sdm, dll. pilkada lebih mempertajam perselisihan golongan, si kaya dan si miskin, dll yang memicu instabilitas keamanan. sebagai pembayar pajak yg dipotong tiap bulan dari gaji, saya keberatan pilkada.'", pilkada tidak menghasilkan beras ikan daging pertumbuhan ekonomi kualitas sdm dll pilkada lebih mempertajam perselisihan golongan kaya dan miskin dll yang memicu instabilitas keamanan sebagai pembayar pajak dipotong tiap bulan dari gaji saya keberatan pilkada ,"['', 'pilkada', 'tidak', 'menghasilkan', 'beras', 'ikan', 'daging', 'pertumbuhan', 'ekonomi', 'kualitas', 'sdm', 'dll', 'pilkada', 'lebih', 'mempertajam', 'perselisihan', 'golongan', 'kaya', 'dan', 'miskin', 'dll', 'yang', 'memicu', 'instabilitas', 'keamanan', 'sebagai', 'pembayar', 'pajak', 'dipotong', 'tiap', 'bulan', 'dari', 'gaji', 'saya', 'keberatan', 'pilkada', '']", pilkada menghasilkan beras ikan daging pertumbuhan ekonomi kualitas sdm dll pilkada mempertajam perselisihan golongan kaya miskin dll memicu instabilitas keamanan pembayar pajak dipotong gaji keberatan pilkada 
10/23/2022 9:52,Twitter for Android,Indonesia,1.58412e+18,A.C.A.B All Cebongs Are Bastard,in,0,0,32,2517,62,b'@setkabgoid @jokowi wujud perubahan kok dgn ibukota baru \xf0\x9f\x98\x85',b'  wujud perubahan kok dgn ibukota baru \xf0\x9f\x98\x85', wujud perubahan kok dgn ibukota baru ,"['', 'wujud', 'perubahan', 'kok', 'dgn', 'ibukota', 'baru', '']", wujud perubahan dgn ibukota 
10/23/2022 9:52,Twitter for Mac,,1.58412e+18,Cicilia Elsa,in,0,0,73,73,132,"b'\xe2\x80\x9cprabowo dan erick sama-sama merupakan tokoh yang dekat dengan jokowi dan dengan demikian diharapkan bisa melanjutkan visi pemerintahan jokowi,\xe2\x80\x9d kata alfin. mending prabowo https://t.co/feflgeislw dekade08'","b'\xe2\x80\x9cprabowo dan erick sama-sama merupakan tokoh yang dekat dengan jokowi dan dengan demikian diharapkan bisa melanjutkan visi pemerintahan jokowi,\xe2\x80\x9d kata alfin. mending prabowo https://t.co/feflgeislw dekade08'", cprabowo dan erick sama sama merupakan tokoh yang dekat dengan jokowi dan dengan demikian diharapkan bisa melanjutkan visi pemerintahan jokowi kata alfin mending prabowo dekade ,"['', 'cprabowo', 'dan', 'erick', 'sama', 'sama', 'merupakan', 'tokoh', 'yang', 'dekat', 'dengan', 'jokowi', 'dan', 'dengan', 'demikian', 'diharapkan', 'bisa', 'melanjutkan', 'visi', 'pemerintahan', 'jokowi', 'kata', 'alfin', 'mending', 'prabowo', 'dekade', '']", cprabowo erick tokoh jokowi diharapkan melanjutkan visi pemerintahan jokowi alfin mending prabowo dekade 
10/23/2022 9:52,Twitter for Android,"Njowoi, Northland",1.58412e+18,Marsupilami,in,0,0,498,16366,1155,b'agendamu ngerusak alam pak https://t.co/slofszpy3x',b'agendamu ngerusak alam pak https://t.co/slofszpy3x', agendamu ngerusak alam pak ,"['', 'agendamu', 'ngerusak', 'alam', 'pak', '']", agendamu ngerusak alam 
10/23/2022 9:52,ContentStudio.io,,1.58412e+18,BERITA POLITIK,in,0,0,597,85960,32,"b'golkar bagai ormasnya pdip gegara airlangga patuh ke jokowi soal capres 2024, said didu: akhirnya terbukti! https://t.co/mgwx4mcxts'","b'golkar bagai ormasnya pdip gegara airlangga patuh ke jokowi soal capres 2024, said didu: akhirnya terbukti! https://t.co/mgwx4mcxts'", golkar bagai ormasnya pdip gegara airlangga patuh jokowi soal capres said didu akhirnya terbukti ,"['', 'golkar', 'bagai', 'ormasnya', 'pdip', 'gegara', 'airlangga', 'patuh', 'jokowi', 'soal', 'capres', 'said', 'didu', 'akhirnya', 'terbukti', '']", golkar ormasnya pdip gegara airlangga patuh jokowi capres said didu terbukti 
10/23/2022 9:52,dlvr.it,Indonesia,1.58412e+18,tempo.co,in,1,0,2148040,1092785,27,"b'polemik perpu kpk, icw sebut bukti jokowi dengarkan parpol ketimbang rakyat https://t.co/rvixkhip1l #temponasional'","b'polemik perpu kpk, icw sebut bukti jokowi dengarkan parpol ketimbang rakyat https://t.co/rvixkhip1l #temponasional'", polemik perpu kpk icw sebut bukti jokowi dengarkan parpol ketimbang rakyat temponasional ,"['', 'polemik', 'perpu', 'kpk', 'icw', 'sebut', 'bukti', 'jokowi', 'dengarkan', 'parpol', 'ketimbang', 'rakyat', 'temponasional', '']", polemik perpu kpk icw bukti jokowi dengarkan parpol ketimbang rakyat temponasional 
10/23/2022 9:51,Twitter for Android,,1.58412e+18,Callista Dea,in,0,0,18,44,216,"b'@henrysubiakto tp sekarang pak kapolri yg pening. jokowi tinggal ngomong, habisi..'","b' tp sekarang pak kapolri yg pening. jokowi tinggal ngomong, habisi..'", sekarang pak kapolri pening jokowi tinggal ngomong habisi ,"['', 'sekarang', 'pak', 'kapolri', 'pening', 'jokowi', 'tinggal', 'ngomong', 'habisi', '']", kapolri pening jokowi tinggal ngomong habisi 
10/23/2022 9:51,OkezoneMobile,Jakarta,1.58412e+18,Okezone,in,0,0,1842352,1919680,66,b'alasan anies bertemu jokowi ternyata untuk pamitan: itu adab bawahan ke atasan #lengkapcepatberitanya #beritaterkini #berita #news #beritanasional . https://t.co/c7fa4bnn8t',b'alasan anies bertemu jokowi ternyata untuk pamitan: itu adab bawahan ke atasan #lengkapcepatberitanya #beritaterkini #berita #news #beritanasional . https://t.co/c7fa4bnn8t', alasan anies bertemu jokowi ternyata untuk pamitan itu adab bawahan atasan lengkapcepatberitanya beritaterkini berita news beritanasional ,"['', 'alasan', 'anies', 'bertemu', 'jokowi', 'ternyata', 'untuk', 'pamitan', 'itu', 'adab', 'bawahan', 'atasan', 'lengkapcepatberitanya', 'beritaterkini', 'berita', 'news', 'beritanasional', '']", alasan anies bertemu jokowi pamitan adab bawahan atasan lengkapcepatberitanya beritaterkini berita news beritanasional 
10/23/2022 9:51,Twitter for iPad,Jakarta,1.58412e+18,Aris Wijaksana,in,0,0,55,66,94,"b'peneliti senior ips, alfin sugianto menilai prabowo dan erick merupakan dua tokoh penting dalam kabinet, sehingga jika diduetkan akan membawa visi pembangunan presiden jokowi. mending prabowo https://t.co/zsi6hnhimo dekade08'","b'peneliti senior ips, alfin sugianto menilai prabowo dan erick merupakan dua tokoh penting dalam kabinet, sehingga jika diduetkan akan membawa visi pembangunan presiden jokowi. mending prabowo https://t.co/zsi6hnhimo dekade08'", peneliti senior ips alfin sugianto menilai prabowo dan erick merupakan dua tokoh penting dalam kabinet sehingga jika diduetkan akan membawa visi pembangunan presiden jokowi mending prabowo dekade ,"['', 'peneliti', 'senior', 'ips', 'alfin', 'sugianto', 'menilai', 'prabowo', 'dan', 'erick', 'merupakan', 'dua', 'tokoh', 'penting', 'dalam', 'kabinet', 'sehingga', 'jika', 'diduetkan', 'akan', 'membawa', 'visi', 'pembangunan', 'presiden', 'jokowi', 'mending', 'prabowo', 'dekade', '']", peneliti senior ips alfin sugianto menilai prabowo erick tokoh kabinet diduetkan membawa visi pembangunan presiden jokowi mending prabowo dekade 
10/23/2022 9:51,Twitter for Android,"Istana Rakyat, DKI Jakarta",1.58412e+18,R I - 805,in,0,0,911,20842,69,b'tujuan sebenarnya bnn &amp,b'tujuan sebenarnya bnn &amp, tujuan sebenarnya bnn amp,"['', 'tujuan', 'sebenarnya', 'bnn', 'amp']", tujuan bnn amp
10/23/2022 9:51,Twitter for Android,"DKI Jakarta, Indonesia",1.58412e+18,Bunda CNHYE,in,1,0,7941,35627,5380,b'@jsdeyz_2 @jokowi kita jd benteng buat jokowi perangi mrk',b'  kita jd benteng buat jokowi perangi mrk', kita benteng buat jokowi perangi mrk ,"['', 'kita', 'benteng', 'buat', 'jokowi', 'perangi', 'mrk', '']", benteng jokowi perangi mrk 
10/23/2022 9:51,Twitter for Android,,1.58412e+18,Don Alejandro S,in,0,0,286,2480,118,"b'@dennysiregar7 di dki saja anies memposisikan sebagai oposan ga mw kerjasama dgn pemerintah pusat, bagaimana mau percaya? sdh betul itu anies antitesa jokowi. lah skrng nasdem merengek2 klarifikasi ucapannya. \xf0\x9f\x98\x9c'","b' di dki saja anies memposisikan sebagai oposan ga mw kerjasama dgn pemerintah pusat, bagaimana mau percaya? sdh betul itu anies antitesa jokowi. lah skrng nasdem merengek2 klarifikasi ucapannya. \xf0\x9f\x98\x9c'", dki saja anies memposisikan sebagai oposan kerjasama dgn pemerintah pusat bagaimana mau percaya sdh betul itu anies antitesa jokowi lah skrng nasdem merengek klarifikasi ucapannya ,"['', 'dki', 'saja', 'anies', 'memposisikan', 'sebagai', 'oposan', 'kerjasama', 'dgn', 'pemerintah', 'pusat', 'bagaimana', 'mau', 'percaya', 'sdh', 'betul', 'itu', 'anies', 'antitesa', 'jokowi', 'lah', 'skrng', 'nasdem', 'merengek', 'klarifikasi', 'ucapannya', '']", dki anies memposisikan oposan kerjasama dgn pemerintah pusat percaya sdh anies antitesa jokowi skrng nasdem merengek klarifikasi ucapannya 
10/23/2022 9:51,Twitter for Android,,1.58412e+18,rahman,in,0,0,202,1066,1090,"b'@tinadubie cc @divhumas_polri ,@mohmahfudmd ,pak @jokowi'","b' cc  , ,pak '", pak ,"['', 'pak', '']", 
10/23/2022 9:51,ContentStudio.io,,1.58412e+18,BERITA POLITIK,in,0,0,597,85960,32,"b'sindir jokowi kayak bintang iklan promosi ikn ke investor, politikus demokrat: feni rose ada saingan! https://t.co/wf4fujd7wk'","b'sindir jokowi kayak bintang iklan promosi ikn ke investor, politikus demokrat: feni rose ada saingan! https://t.co/wf4fujd7wk'", sindir jokowi kayak bintang iklan promosi ikn investor politikus demokrat feni rose ada saingan ,"['', 'sindir', 'jokowi', 'kayak', 'bintang', 'iklan', 'promosi', 'ikn', 'investor', 'politikus', 'demokrat', 'feni', 'rose', 'ada', 'saingan', '']", sindir jokowi kayak bintang iklan promosi ikn investor politikus demokrat feni rose saingan 
10/23/2022 9:51,Twitter for Android,Jakarta,1.58412e+18,eonni,in,0,0,1058,30759,651,"b'pak @jokowi, pak luhut @kemenkomarves apa nda ingin telepon siapa gitu di singapur buat ngasih kuliah tambahan buat bang isul biar agak sibuk dikit.\natau mungkin mas @kaesangp masih ada kenalan di singapur. https://t.co/ygm5rgrmr1'","b'pak , pak luhut  apa nda ingin telepon siapa gitu di singapur buat ngasih kuliah tambahan buat bang isul biar agak sibuk dikit.\natau mungkin mas  masih ada kenalan di singapur. https://t.co/ygm5rgrmr1'", pak pak luhut apa nda ingin telepon siapa gitu singapur buat ngasih kuliah tambahan buat bang isul biar agak sibuk dikit natau mungkin mas masih ada kenalan singapur ,"['', 'pak', 'pak', 'luhut', 'apa', 'nda', 'ingin', 'telepon', 'siapa', 'gitu', 'singapur', 'buat', 'ngasih', 'kuliah', 'tambahan', 'buat', 'bang', 'isul', 'biar', 'agak', 'sibuk', 'dikit', 'natau', 'mungkin', 'mas', 'masih', 'ada', 'kenalan', 'singapur', '']", luhut nda telepon gitu singapur ngasih kuliah tambahan bang isul biar sibuk dikit natau mas kenalan singapur 
10/23/2022 9:51,Twitter for Android,,1.58412e+18,tugiyanto,in,0,0,81,4766,145,"b'@khalik_abdulll @fakhruddin_ms @sadewa_39 @donadam68 nggak harus pak jokowi, kan sudah ada penasehat hukum nya'","b'    nggak harus pak jokowi, kan sudah ada penasehat hukum nya'", nggak harus pak jokowi kan sudah ada penasehat hukum nya ,"['', 'nggak', 'harus', 'pak', 'jokowi', 'kan', 'sudah', 'ada', 'penasehat', 'hukum', 'nya', '']", nggak jokowi penasehat hukum nya 
10/23/2022 9:51,IFTTT,"Semarang, Indonesia",1.58412e+18,Jessica Gonzales,in,0,0,149,892,185,b'jokowi mempercepat distribusi blt bbm \n.\n#bltbbmbantumasyarakat\n#bansosbbmringankanrakyat\n#kpmpenyaluranblttepatsasaran\n#sukseskankebijakanpemerintah\n#subsidiberkeadilanuntukmasadepan\n\njawa tengah https://t.co/wxowjmbxf9',b'jokowi mempercepat distribusi blt bbm \n.\n#bltbbmbantumasyarakat\n#bansosbbmringankanrakyat\n#kpmpenyaluranblttepatsasaran\n#sukseskankebijakanpemerintah\n#subsidiberkeadilanuntukmasadepan\n\njawa tengah https://t.co/wxowjmbxf9', jokowi mempercepat distribusi blt bbm bltbbmbantumasyarakat bansosbbmringankanrakyat kpmpenyaluranblttepatsasaran sukseskankebijakanpemerintah subsidiberkeadilanuntukmasadepan njawa tengah ,"['', 'jokowi', 'mempercepat', 'distribusi', 'blt', 'bbm', 'bltbbmbantumasyarakat', 'bansosbbmringankanrakyat', 'kpmpenyaluranblttepatsasaran', 'sukseskankebijakanpemerintah', 'subsidiberkeadilanuntukmasadepan', 'njawa', 'tengah', '']", jokowi mempercepat distribusi blt bbm bltbbmbantumasyarakat bansosbbmringankanrakyat kpmpenyaluranblttepatsasaran sukseskankebijakanpemerintah subsidiberkeadilanuntukmasadepan njawa 
10/23/2022 9:51,Twitter Web App,"DKI Jakarta, Indonesia",1.58412e+18,Salsa,in,1,0,93,628,81,b'jokowi membangun dki jakarta dan membangun neger #jokowipresidenku #pembangunanuntukrakyat #presidenjokowihebat #jokowimembangunnegeri #jokowimajubersamaindonesia #nkrimajubersamajokowi https://t.co/nx8g1oyv3y',b'jokowi membangun dki jakarta dan membangun neger #jokowipresidenku #pembangunanuntukrakyat #presidenjokowihebat #jokowimembangunnegeri #jokowimajubersamaindonesia #nkrimajubersamajokowi https://t.co/nx8g1oyv3y', jokowi membangun dki jakarta dan membangun neger jokowipresidenku pembangunanuntukrakyat presidenjokowihebat jokowimembangunnegeri jokowimajubersamaindonesia nkrimajubersamajokowi ,"['', 'jokowi', 'membangun', 'dki', 'jakarta', 'dan', 'membangun', 'neger', 'jokowipresidenku', 'pembangunanuntukrakyat', 'presidenjokowihebat', 'jokowimembangunnegeri', 'jokowimajubersamaindonesia', 'nkrimajubersamajokowi', '']", jokowi membangun dki jakarta membangun neger jokowipresidenku pembangunanuntukrakyat presidenjokowihebat jokowimembangunnegeri jokowimajubersamaindonesia nkrimajubersamajokowi 
10/23/2022 9:51,Twitter Web App,"DKI Jakarta, Indonesia",1.58412e+18,Salsa,in,1,0,93,628,81,b'sudah banyak kerja nyata jokowi dan terbukti berhasil di dki jakarta dan diseluruh indonesia #jokowipresidenku #pembangunanuntukrakyat #presidenjokowihebat #jokowimembangunnegeri #jokowimajubersamaindonesia #nkrimajubersamajokowi https://t.co/lzd1ndrsem',b'sudah banyak kerja nyata jokowi dan terbukti berhasil di dki jakarta dan diseluruh indonesia #jokowipresidenku #pembangunanuntukrakyat #presidenjokowihebat #jokowimembangunnegeri #jokowimajubersamaindonesia #nkrimajubersamajokowi https://t.co/lzd1ndrsem', sudah banyak kerja nyata jokowi dan terbukti berhasil dki jakarta dan diseluruh indonesia jokowipresidenku pembangunanuntukrakyat presidenjokowihebat jokowimembangunnegeri jokowimajubersamaindonesia nkrimajubersamajokowi ,"['', 'sudah', 'banyak', 'kerja', 'nyata', 'jokowi', 'dan', 'terbukti', 'berhasil', 'dki', 'jakarta', 'dan', 'diseluruh', 'indonesia', 'jokowipresidenku', 'pembangunanuntukrakyat', 'presidenjokowihebat', 'jokowimembangunnegeri', 'jokowimajubersamaindonesia', 'nkrimajubersamajokowi', '']", kerja nyata jokowi terbukti berhasil dki jakarta diseluruh indonesia jokowipresidenku pembangunanuntukrakyat presidenjokowihebat jokowimembangunnegeri jokowimajubersamaindonesia nkrimajubersamajokowi 
10/23/2022 9:51,Twitter Web App,"DKI Jakarta, Indonesia",1.58412e+18,Salsa,in,1,0,93,628,81,"b'era jokowi produksi beras naik 2,29%, ketahanan pangan luar biasa ~ dki jakarta #jokowipresidenku #pembangunanuntukrakyat #presidenjokowihebat #jokowimembangunnegeri #jokowimajubersamaindonesia #nkrimajubersamajokowi https://t.co/snp9aa5sse'","b'era jokowi produksi beras naik 2,29%, ketahanan pangan luar biasa ~ dki jakarta #jokowipresidenku #pembangunanuntukrakyat #presidenjokowihebat #jokowimembangunnegeri #jokowimajubersamaindonesia #nkrimajubersamajokowi https://t.co/snp9aa5sse'", era jokowi produksi beras naik ketahanan pangan luar biasa dki jakarta jokowipresidenku pembangunanuntukrakyat presidenjokowihebat jokowimembangunnegeri jokowimajubersamaindonesia nkrimajubersamajokowi ,"['', 'era', 'jokowi', 'produksi', 'beras', 'naik', 'ketahanan', 'pangan', 'luar', 'biasa', 'dki', 'jakarta', 'jokowipresidenku', 'pembangunanuntukrakyat', 'presidenjokowihebat', 'jokowimembangunnegeri', 'jokowimajubersamaindonesia', 'nkrimajubersamajokowi', '']", era jokowi produksi beras ketahanan pangan dki jakarta jokowipresidenku pembangunanuntukrakyat presidenjokowihebat jokowimembangunnegeri jokowimajubersamaindonesia nkrimajubersamajokowi 
10/23/2022 9:51,Jawapos.com auto tweet,Jakarta,1.58412e+18,Jawa Pos,in,1,1,500515,1023668,266,"b'jokowi ogah peluk surya paloh, pdip: nggak usah jadi isu politik https://t.co/lbmpbvondv'","b'jokowi ogah peluk surya paloh, pdip: nggak usah jadi isu politik https://t.co/lbmpbvondv'", jokowi ogah peluk surya paloh pdip nggak usah jadi isu politik ,"['', 'jokowi', 'ogah', 'peluk', 'surya', 'paloh', 'pdip', 'nggak', 'usah', 'jadi', 'isu', 'politik', '']", jokowi ogah peluk surya paloh pdip nggak isu politik 
10/23/2022 9:51,Twitter for Mac,Tangerang,1.58412e+18,Anggita Syaidatul,in,0,0,56,68,99,b'menteri pertahanan prabowo subianto-menteri bumn erick thohir memiliki kecocokan berduet pada pilpres 2024. mending prabowo https://t.co/fttavleezo dekade08',b'menteri pertahanan prabowo subianto-menteri bumn erick thohir memiliki kecocokan berduet pada pilpres 2024. mending prabowo https://t.co/fttavleezo dekade08', menteri pertahanan prabowo subianto menteri bumn erick thohir memiliki kecocokan berduet pada pilpres mending prabowo dekade ,"['', 'menteri', 'pertahanan', 'prabowo', 'subianto', 'menteri', 'bumn', 'erick', 'thohir', 'memiliki', 'kecocokan', 'berduet', 'pada', 'pilpres', 'mending', 'prabowo', 'dekade', '']", menteri pertahanan prabowo subianto menteri bumn erick thohir memiliki kecocokan berduet pilpres mending prabowo dekade 
10/23/2022 9:51,Twitter Web App,"DKI Jakarta, Indonesia",1.58412e+18,Salsa,in,1,0,93,628,81,"b'nercara perdagangan surplus 29 bulan, luar biasa kinerjanya jokowi ~ dki jakarta #jokowipresidenku #pembangunanuntukrakyat #presidenjokowihebat #jokowimembangunnegeri #jokowimajubersamaindonesia #nkrimajubersamajokowi https://t.co/bxmfzepatl'","b'nercara perdagangan surplus 29 bulan, luar biasa kinerjanya jokowi ~ dki jakarta #jokowipresidenku #pembangunanuntukrakyat #presidenjokowihebat #jokowimembangunnegeri #jokowimajubersamaindonesia #nkrimajubersamajokowi https://t.co/bxmfzepatl'", nercara perdagangan surplus bulan luar biasa kinerjanya jokowi dki jakarta jokowipresidenku pembangunanuntukrakyat presidenjokowihebat jokowimembangunnegeri jokowimajubersamaindonesia nkrimajubersamajokowi ,"['', 'nercara', 'perdagangan', 'surplus', 'bulan', 'luar', 'biasa', 'kinerjanya', 'jokowi', 'dki', 'jakarta', 'jokowipresidenku', 'pembangunanuntukrakyat', 'presidenjokowihebat', 'jokowimembangunnegeri', 'jokowimajubersamaindonesia', 'nkrimajubersamajokowi', '']", nercara perdagangan surplus kinerjanya jokowi dki jakarta jokowipresidenku pembangunanuntukrakyat presidenjokowihebat jokowimembangunnegeri jokowimajubersamaindonesia nkrimajubersamajokowi 
10/23/2022 9:51,Twitter Web App,"DKI Jakarta, Indonesia",1.58412e+18,Salsa,in,1,0,93,628,81,b'pembangunan infrastruktur sangat berhasil di era jokowi ~ dki jakarta #jokowipresidenku #pembangunanuntukrakyat #presidenjokowihebat #jokowimembangunnegeri #jokowimajubersamaindonesia #nkrimajubersamajokowi https://t.co/ztpmbfznrs',b'pembangunan infrastruktur sangat berhasil di era jokowi ~ dki jakarta #jokowipresidenku #pembangunanuntukrakyat #presidenjokowihebat #jokowimembangunnegeri #jokowimajubersamaindonesia #nkrimajubersamajokowi https://t.co/ztpmbfznrs', pembangunan infrastruktur sangat berhasil era jokowi dki jakarta jokowipresidenku pembangunanuntukrakyat presidenjokowihebat jokowimembangunnegeri jokowimajubersamaindonesia nkrimajubersamajokowi ,"['', 'pembangunan', 'infrastruktur', 'sangat', 'berhasil', 'era', 'jokowi', 'dki', 'jakarta', 'jokowipresidenku', 'pembangunanuntukrakyat', 'presidenjokowihebat', 'jokowimembangunnegeri', 'jokowimajubersamaindonesia', 'nkrimajubersamajokowi', '']", pembangunan infrastruktur berhasil era jokowi dki jakarta jokowipresidenku pembangunanuntukrakyat presidenjokowihebat jokowimembangunnegeri jokowimajubersamaindonesia nkrimajubersamajokowi 
10/23/2022 9:51,IFTTT,"Semarang, Indonesia",1.58412e+18,Jessica Gonzales,in,0,0,149,892,185,b'alhamdulillah pak jokowi akan tambah nominal blt bbm jika apbn meninggkat \n.\n#bltbbmbantumasyarakat\n#bansosbbmringankanrakyat\n#kpmpenyaluranblttepatsasaran\n#sukseskankebijakanpemerintah\n#subsidiberkeadilanuntukmasadepan\n\njawa tengah https://t.co/ojvcnrzfpi',b'alhamdulillah pak jokowi akan tambah nominal blt bbm jika apbn meninggkat \n.\n#bltbbmbantumasyarakat\n#bansosbbmringankanrakyat\n#kpmpenyaluranblttepatsasaran\n#sukseskankebijakanpemerintah\n#subsidiberkeadilanuntukmasadepan\n\njawa tengah https://t.co/ojvcnrzfpi', alhamdulillah pak jokowi akan tambah nominal blt bbm jika apbn meninggkat bltbbmbantumasyarakat bansosbbmringankanrakyat kpmpenyaluranblttepatsasaran sukseskankebijakanpemerintah subsidiberkeadilanuntukmasadepan njawa tengah ,"['', 'alhamdulillah', 'pak', 'jokowi', 'akan', 'tambah', 'nominal', 'blt', 'bbm', 'jika', 'apbn', 'meninggkat', 'bltbbmbantumasyarakat', 'bansosbbmringankanrakyat', 'kpmpenyaluranblttepatsasaran', 'sukseskankebijakanpemerintah', 'subsidiberkeadilanuntukmasadepan', 'njawa', 'tengah', '']", alhamdulillah jokowi nominal blt bbm apbn meninggkat bltbbmbantumasyarakat bansosbbmringankanrakyat kpmpenyaluranblttepatsasaran sukseskankebijakanpemerintah subsidiberkeadilanuntukmasadepan njawa 
10/23/2022 9:51,Twitter Web App,"DKI Jakarta, Indonesia",1.58412e+18,Salsa,in,1,0,93,628,81,b'era jokowi pembangunan sangat terintegrasi dan luar biasa ~ dki jakarta #jokowipresidenku #pembangunanuntukrakyat #presidenjokowihebat #jokowimembangunnegeri #jokowimajubersamaindonesia #nkrimajubersamajokowi https://t.co/yvktlagvpa',b'era jokowi pembangunan sangat terintegrasi dan luar biasa ~ dki jakarta #jokowipresidenku #pembangunanuntukrakyat #presidenjokowihebat #jokowimembangunnegeri #jokowimajubersamaindonesia #nkrimajubersamajokowi https://t.co/yvktlagvpa', era jokowi pembangunan sangat terintegrasi dan luar biasa dki jakarta jokowipresidenku pembangunanuntukrakyat presidenjokowihebat jokowimembangunnegeri jokowimajubersamaindonesia nkrimajubersamajokowi ,"['', 'era', 'jokowi', 'pembangunan', 'sangat', 'terintegrasi', 'dan', 'luar', 'biasa', 'dki', 'jakarta', 'jokowipresidenku', 'pembangunanuntukrakyat', 'presidenjokowihebat', 'jokowimembangunnegeri', 'jokowimajubersamaindonesia', 'nkrimajubersamajokowi', '']", era jokowi pembangunan terintegrasi dki jakarta jokowipresidenku pembangunanuntukrakyat presidenjokowihebat jokowimembangunnegeri jokowimajubersamaindonesia nkrimajubersamajokowi 
10/23/2022 9:51,Twitter for Android,"Kota Mataram, NTeBa",1.58412e+18,Zacki,in,0,0,259,3040,317,b'@sudiyanto204573 @andisinulingga @jokowi @sbyudhoyono negarawan sejati ya om\xf0\x9f\x91\x8d\xf0\x9f\x91\x8d\xf0\x9f\x91\x87\xf0\x9f\x8f\xbd https://t.co/95feqqdy2o',b'    negarawan sejati ya om\xf0\x9f\x91\x8d\xf0\x9f\x91\x8d\xf0\x9f\x91\x87\xf0\x9f\x8f\xbd https://t.co/95feqqdy2o', negarawan sejati xbd ,"['', 'negarawan', 'sejati', 'xbd', '']", negarawan sejati xbd 
10/23/2022 9:51,Twitter for iPhone,Balikpapan - Samarinda,1.58412e+18,ðŸ‡²ðŸ‡¨Anak KampoengðŸ‡®ðŸ‡©,in,0,0,3570,25112,3506,b'@wagimandeep212_ @yaqutcqoumas @erickthohir @jokowi kalimat terakhir kode keras yg paling saya suka\xf0\x9f\x98\x81\xf0\x9f\x91\x8d',b'    kalimat terakhir kode keras yg paling saya suka\xf0\x9f\x98\x81\xf0\x9f\x91\x8d', kalimat terakhir kode keras paling saya suka ,"['', 'kalimat', 'terakhir', 'kode', 'keras', 'paling', 'saya', 'suka', '']", kalimat kode keras suka 
10/23/2022 9:51,Twitter Web App,"DKI Jakarta, Indonesia",1.58412e+18,Salsa,in,1,0,93,628,81,"b'jokowi terus bangun infrastruktur digital secara merata, luar biasa ~ dki jakarta #jokowipresidenku #pembangunanuntukrakyat #presidenjokowihebat #jokowimembangunnegeri #jokowimajubersamaindonesia #nkrimajubersamajokowi https://t.co/fgistilyw9'","b'jokowi terus bangun infrastruktur digital secara merata, luar biasa ~ dki jakarta #jokowipresidenku #pembangunanuntukrakyat #presidenjokowihebat #jokowimembangunnegeri #jokowimajubersamaindonesia #nkrimajubersamajokowi https://t.co/fgistilyw9'", jokowi terus bangun infrastruktur digital secara merata luar biasa dki jakarta jokowipresidenku pembangunanuntukrakyat presidenjokowihebat jokowimembangunnegeri jokowimajubersamaindonesia nkrimajubersamajokowi ,"['', 'jokowi', 'terus', 'bangun', 'infrastruktur', 'digital', 'secara', 'merata', 'luar', 'biasa', 'dki', 'jakarta', 'jokowipresidenku', 'pembangunanuntukrakyat', 'presidenjokowihebat', 'jokowimembangunnegeri', 'jokowimajubersamaindonesia', 'nkrimajubersamajokowi', '']", jokowi bangun infrastruktur digital merata dki jakarta jokowipresidenku pembangunanuntukrakyat presidenjokowihebat jokowimembangunnegeri jokowimajubersamaindonesia nkrimajubersamajokowi 
10/23/2022 9:51,Twitter Web App,"DKI Jakarta, Indonesia",1.58412e+18,Salsa,in,1,0,93,628,81,b'jokowi juga berhasil melakukan pembangunan di papua ~ dki jakarta #jokowipresidenku #pembangunanuntukrakyat #presidenjokowihebat #jokowimembangunnegeri #jokowimajubersamaindonesia #nkrimajubersamajokowi https://t.co/cydo85vxrr',b'jokowi juga berhasil melakukan pembangunan di papua ~ dki jakarta #jokowipresidenku #pembangunanuntukrakyat #presidenjokowihebat #jokowimembangunnegeri #jokowimajubersamaindonesia #nkrimajubersamajokowi https://t.co/cydo85vxrr', jokowi juga berhasil melakukan pembangunan papua dki jakarta jokowipresidenku pembangunanuntukrakyat presidenjokowihebat jokowimembangunnegeri jokowimajubersamaindonesia nkrimajubersamajokowi ,"['', 'jokowi', 'juga', 'berhasil', 'melakukan', 'pembangunan', 'papua', 'dki', 'jakarta', 'jokowipresidenku', 'pembangunanuntukrakyat', 'presidenjokowihebat', 'jokowimembangunnegeri', 'jokowimajubersamaindonesia', 'nkrimajubersamajokowi', '']", jokowi berhasil pembangunan papua dki jakarta jokowipresidenku pembangunanuntukrakyat presidenjokowihebat jokowimembangunnegeri jokowimajubersamaindonesia nkrimajubersamajokowi 
10/23/2022 9:51,Twitter Web App,"DKI Jakarta, Indonesia",1.58412e+18,Salsa,in,1,0,93,628,81,"b'jokowi promosikan kekayaan rempah khas nusantara, semakin dikenal ~ dki jakarta #jokowipresidenku #pembangunanuntukrakyat #presidenjokowihebat #jokowimembangunnegeri #jokowimajubersamaindonesia #nkrimajubersamajokowi https://t.co/089xodcneb'","b'jokowi promosikan kekayaan rempah khas nusantara, semakin dikenal ~ dki jakarta #jokowipresidenku #pembangunanuntukrakyat #presidenjokowihebat #jokowimembangunnegeri #jokowimajubersamaindonesia #nkrimajubersamajokowi https://t.co/089xodcneb'", jokowi promosikan kekayaan rempah khas nusantara semakin dikenal dki jakarta jokowipresidenku pembangunanuntukrakyat presidenjokowihebat jokowimembangunnegeri jokowimajubersamaindonesia nkrimajubersamajokowi ,"['', 'jokowi', 'promosikan', 'kekayaan', 'rempah', 'khas', 'nusantara', 'semakin', 'dikenal', 'dki', 'jakarta', 'jokowipresidenku', 'pembangunanuntukrakyat', 'presidenjokowihebat', 'jokowimembangunnegeri', 'jokowimajubersamaindonesia', 'nkrimajubersamajokowi', '']", jokowi promosikan kekayaan rempah khas nusantara dikenal dki jakarta jokowipresidenku pembangunanuntukrakyat presidenjokowihebat jokowimembangunnegeri jokowimajubersamaindonesia nkrimajubersamajokowi 
10/23/2022 9:51,Twitter Web App,"DKI Jakarta, Indonesia",1.58412e+18,Salsa,in,1,0,93,628,81,b'jokowi percepat pengembangan dan pemanfaatan fitofarmaka. luar biasa ~ dki jakarta #jokowipresidenku #pembangunanuntukrakyat #presidenjokowihebat #jokowimembangunnegeri #jokowimajubersamaindonesia #nkrimajubersamajokowi https://t.co/jdisxssn2n',b'jokowi percepat pengembangan dan pemanfaatan fitofarmaka. luar biasa ~ dki jakarta #jokowipresidenku #pembangunanuntukrakyat #presidenjokowihebat #jokowimembangunnegeri #jokowimajubersamaindonesia #nkrimajubersamajokowi https://t.co/jdisxssn2n', jokowi percepat pengembangan dan pemanfaatan fitofarmaka luar biasa dki jakarta jokowipresidenku pembangunanuntukrakyat presidenjokowihebat jokowimembangunnegeri jokowimajubersamaindonesia nkrimajubersamajokowi ,"['', 'jokowi', 'percepat', 'pengembangan', 'dan', 'pemanfaatan', 'fitofarmaka', 'luar', 'biasa', 'dki', 'jakarta', 'jokowipresidenku', 'pembangunanuntukrakyat', 'presidenjokowihebat', 'jokowimembangunnegeri', 'jokowimajubersamaindonesia', 'nkrimajubersamajokowi', '']", jokowi percepat pengembangan pemanfaatan fitofarmaka dki jakarta jokowipresidenku pembangunanuntukrakyat presidenjokowihebat jokowimembangunnegeri jokowimajubersamaindonesia nkrimajubersamajokowi 
10/23/2022 9:51,Twitter Web App,"DKI Jakarta, Indonesia",1.58412e+18,Salsa,in,1,0,93,628,81,b'jokowi juga berhasil lakukan transformasi ekonomi yang luar biasa ~ dki jakarta #jokowipresidenku #pembangunanuntukrakyat #presidenjokowihebat #jokowimembangunnegeri #jokowimajubersamaindonesia #nkrimajubersamajokowi https://t.co/6xh3atmaea',b'jokowi juga berhasil lakukan transformasi ekonomi yang luar biasa ~ dki jakarta #jokowipresidenku #pembangunanuntukrakyat #presidenjokowihebat #jokowimembangunnegeri #jokowimajubersamaindonesia #nkrimajubersamajokowi https://t.co/6xh3atmaea', jokowi juga berhasil lakukan transformasi ekonomi yang luar biasa dki jakarta jokowipresidenku pembangunanuntukrakyat presidenjokowihebat jokowimembangunnegeri jokowimajubersamaindonesia nkrimajubersamajokowi ,"['', 'jokowi', 'juga', 'berhasil', 'lakukan', 'transformasi', 'ekonomi', 'yang', 'luar', 'biasa', 'dki', 'jakarta', 'jokowipresidenku', 'pembangunanuntukrakyat', 'presidenjokowihebat', 'jokowimembangunnegeri', 'jokowimajubersamaindonesia', 'nkrimajubersamajokowi', '']", jokowi berhasil lakukan transformasi ekonomi dki jakarta jokowipresidenku pembangunanuntukrakyat presidenjokowihebat jokowimembangunnegeri jokowimajubersamaindonesia nkrimajubersamajokowi 
10/23/2022 9:51,Twitter Web App,"DKI Jakarta, Indonesia",1.58412e+18,Salsa,in,1,0,93,628,81,b'jokowi berhasil tangan covid-19 hingga ekonomi ri menjadi tangguh ~ dki jakarta #jokowipresidenku #pembangunanuntukrakyat #presidenjokowihebat #jokowimembangunnegeri #jokowimajubersamaindonesia #nkrimajubersamajokowi https://t.co/w668qqxeme',b'jokowi berhasil tangan covid-19 hingga ekonomi ri menjadi tangguh ~ dki jakarta #jokowipresidenku #pembangunanuntukrakyat #presidenjokowihebat #jokowimembangunnegeri #jokowimajubersamaindonesia #nkrimajubersamajokowi https://t.co/w668qqxeme', jokowi berhasil tangan covid hingga ekonomi menjadi tangguh dki jakarta jokowipresidenku pembangunanuntukrakyat presidenjokowihebat jokowimembangunnegeri jokowimajubersamaindonesia nkrimajubersamajokowi ,"['', 'jokowi', 'berhasil', 'tangan', 'covid', 'hingga', 'ekonomi', 'menjadi', 'tangguh', 'dki', 'jakarta', 'jokowipresidenku', 'pembangunanuntukrakyat', 'presidenjokowihebat', 'jokowimembangunnegeri', 'jokowimajubersamaindonesia', 'nkrimajubersamajokowi', '']", jokowi berhasil tangan covid ekonomi tangguh dki jakarta jokowipresidenku pembangunanuntukrakyat presidenjokowihebat jokowimembangunnegeri jokowimajubersamaindonesia nkrimajubersamajokowi 
10/23/2022 9:51,Twitter for Mac,Jakarta,1.58412e+18,Sabita Ameira,in,0,0,57,60,117,b'duet prabowo-erick thohir dinilai bakal melanjutkan visi jokowi mending prabowo https://t.co/sdrvn5iybk dekade08',b'duet prabowo-erick thohir dinilai bakal melanjutkan visi jokowi mending prabowo https://t.co/sdrvn5iybk dekade08', duet prabowo erick thohir dinilai bakal melanjutkan visi jokowi mending prabowo dekade ,"['', 'duet', 'prabowo', 'erick', 'thohir', 'dinilai', 'bakal', 'melanjutkan', 'visi', 'jokowi', 'mending', 'prabowo', 'dekade', '']", duet prabowo erick thohir dinilai melanjutkan visi jokowi mending prabowo dekade 
10/23/2022 9:51,Twitter for Android,,1.58412e+18,Wit,in,0,0,1,821,20,"b'@djuremireinke @abmsuyitno @rubino_lugo @firzahusaininc kok kadron tambah goblok yaa....., emang kalo orang pinter bahasa inggrisnya harus bagus.haaaa.....haaa pengen ketawa guling guling gw. orang bule bocah aja bisa baha inggris blom tentu pintar.orang orangan sawah mana percaya walau di bawa tuh ijasah pak jokowi.'","b'    kok kadron tambah goblok yaa....., emang kalo orang pinter bahasa inggrisnya harus bagus.haaaa.....haaa pengen ketawa guling guling gw. orang bule bocah aja bisa baha inggris blom tentu pintar.orang orangan sawah mana percaya walau di bawa tuh ijasah pak jokowi.'", kok kadron tambah goblok yaa emang kalo orang pinter bahasa inggrisnya harus bagus haa haa pengen ketawa guling guling orang bule bocah aja bisa baha inggris blom tentu pintar orang orangan sawah mana percaya walau bawa tuh ijasah pak jokowi ,"['', 'kok', 'kadron', 'tambah', 'goblok', 'yaa', 'emang', 'kalo', 'orang', 'pinter', 'bahasa', 'inggrisnya', 'harus', 'bagus', 'haa', 'haa', 'pengen', 'ketawa', 'guling', 'guling', 'orang', 'bule', 'bocah', 'aja', 'bisa', 'baha', 'inggris', 'blom', 'tentu', 'pintar', 'orang', 'orangan', 'sawah', 'mana', 'percaya', 'walau', 'bawa', 'tuh', 'ijasah', 'pak', 'jokowi', '']", kadron goblok yaa emang kalo orang pinter bahasa inggrisnya bagus haa haa pengen ketawa guling guling orang bule bocah aja baha inggris blom pintar orang orangan sawah percaya bawa tuh ijasah jokowi 
10/23/2022 9:51,Twitter for Android,Depok,1.58412e+18,Todaro,in,0,0,228,16540,421,b'@cnnindonesia kalo kmren pidato jokowi yg ngomong hasto baru cocok...',b' kalo kmren pidato jokowi yg ngomong hasto baru cocok...', kalo kmren pidato jokowi ngomong hasto baru cocok ,"['', 'kalo', 'kmren', 'pidato', 'jokowi', 'ngomong', 'hasto', 'baru', 'cocok', '']", kalo kmren pidato jokowi ngomong hasto cocok 
10/23/2022 9:51,Twitter for Android,,1.58412e+18,Alim AR,in,1,0,2141,5857,2029,b'@wandystjk ganjar the next jokowi. top markotop\xf0\x9f\x91\x8d\xf0\x9f\x91\x8d\xf0\x9f\x91\x8d',b' ganjar the next jokowi. top markotop\xf0\x9f\x91\x8d\xf0\x9f\x91\x8d\xf0\x9f\x91\x8d', ganjar the next jokowi top markotop ,"['', 'ganjar', 'the', 'next', 'jokowi', 'top', 'markotop', '']", ganjar the next jokowi top markotop 
10/23/2022 9:51,Twitter for Android,,1.58412e+18,anggun,in,0,0,69,519,67,b'presiden jokowi menyerahkan bantuan modal kerja dan bantuan langsung tunai\n#bltbbmbantumasyarakat\n#bansosbbmringankanrakyat\n#kpmpenyaluranblttepatsasaran\n#sukseskankebijakanpemerintah\n#subsidiberkeadilanuntukmasadepan\njambi https://t.co/t5xheliimb',b'presiden jokowi menyerahkan bantuan modal kerja dan bantuan langsung tunai\n#bltbbmbantumasyarakat\n#bansosbbmringankanrakyat\n#kpmpenyaluranblttepatsasaran\n#sukseskankebijakanpemerintah\n#subsidiberkeadilanuntukmasadepan\njambi https://t.co/t5xheliimb', presiden jokowi menyerahkan bantuan modal kerja dan bantuan langsung tunai bltbbmbantumasyarakat bansosbbmringankanrakyat kpmpenyaluranblttepatsasaran sukseskankebijakanpemerintah subsidiberkeadilanuntukmasadepan njambi ,"['', 'presiden', 'jokowi', 'menyerahkan', 'bantuan', 'modal', 'kerja', 'dan', 'bantuan', 'langsung', 'tunai', 'bltbbmbantumasyarakat', 'bansosbbmringankanrakyat', 'kpmpenyaluranblttepatsasaran', 'sukseskankebijakanpemerintah', 'subsidiberkeadilanuntukmasadepan', 'njambi', '']", presiden jokowi menyerahkan bantuan modal kerja bantuan langsung tunai bltbbmbantumasyarakat bansosbbmringankanrakyat kpmpenyaluranblttepatsasaran sukseskankebijakanpemerintah subsidiberkeadilanuntukmasadepan njambi 
10/23/2022 9:50,Twitter for Android,,1.58412e+18,anggun,in,0,0,69,519,67,b'jokowi janji nominal blt bbm ditambah\n#bltbbmbantumasyarakat\n#bansosbbmringankanrakyat\n#kpmpenyaluranblttepatsasaran\n#sukseskankebijakanpemerintah\n#subsidiberkeadilanuntukmasadepan\njambi https://t.co/xjun0ggaj4',b'jokowi janji nominal blt bbm ditambah\n#bltbbmbantumasyarakat\n#bansosbbmringankanrakyat\n#kpmpenyaluranblttepatsasaran\n#sukseskankebijakanpemerintah\n#subsidiberkeadilanuntukmasadepan\njambi https://t.co/xjun0ggaj4', jokowi janji nominal blt bbm ditambah bltbbmbantumasyarakat bansosbbmringankanrakyat kpmpenyaluranblttepatsasaran sukseskankebijakanpemerintah subsidiberkeadilanuntukmasadepan njambi ,"['', 'jokowi', 'janji', 'nominal', 'blt', 'bbm', 'ditambah', 'bltbbmbantumasyarakat', 'bansosbbmringankanrakyat', 'kpmpenyaluranblttepatsasaran', 'sukseskankebijakanpemerintah', 'subsidiberkeadilanuntukmasadepan', 'njambi', '']", jokowi janji nominal blt bbm ditambah bltbbmbantumasyarakat bansosbbmringankanrakyat kpmpenyaluranblttepatsasaran sukseskankebijakanpemerintah subsidiberkeadilanuntukmasadepan njambi 
10/23/2022 9:50,Twitter for Android,,1.58412e+18,Eri Haryoko,in,0,0,14,582,29,"b'@dennysiregar7 begitu menteri yg banyak menggelontorkan dana ke kas nasdem, partainya pak surya itu agak2 gimana dg pak jokowi. msh percaya omongannya skr???'","b' begitu menteri yg banyak menggelontorkan dana ke kas nasdem, partainya pak surya itu agak2 gimana dg pak jokowi. msh percaya omongannya skr???'", begitu menteri banyak menggelontorkan dana kas nasdem partainya pak surya itu agak gimana pak jokowi msh percaya omongannya skr ,"['', 'begitu', 'menteri', 'banyak', 'menggelontorkan', 'dana', 'kas', 'nasdem', 'partainya', 'pak', 'surya', 'itu', 'agak', 'gimana', 'pak', 'jokowi', 'msh', 'percaya', 'omongannya', 'skr', '']", menteri menggelontorkan dana kas nasdem partainya surya gimana jokowi msh percaya omongannya skr 
10/23/2022 9:50,Twitter for Android,,1.58412e+18,50 thn keats..,in,0,0,299,7020,97,b'@syarman59 kl tmn2 nya ijazah nya pd asli..lha kl jokowi..\xf0\x9f\xa4\x94\xf0\x9f\xa4\x94\xf0\x9f\xa4\x94',b' kl tmn2 nya ijazah nya pd asli..lha kl jokowi..\xf0\x9f\xa4\x94\xf0\x9f\xa4\x94\xf0\x9f\xa4\x94', tmn nya ijazah nya asli lha jokowi ,"['', 'tmn', 'nya', 'ijazah', 'nya', 'asli', 'lha', 'jokowi', '']", tmn nya ijazah nya asli lha jokowi 
10/23/2022 9:50,Twitter for Android,jakarta,1.58412e+18,Riduan,in,0,0,10,564,156,"b'@jokowi beliau sih bagus menurut saya,yang saya tidak suka cuma kenaikan bbm aja ,apa2 mahal itu aja,klw kerjanya beliau mantab'","b' beliau sih bagus menurut saya,yang saya tidak suka cuma kenaikan bbm aja ,apa2 mahal itu aja,klw kerjanya beliau mantab'", beliau sih bagus menurut saya yang saya tidak suka cuma kenaikan bbm aja apa mahal itu aja klw kerjanya beliau mantab ,"['', 'beliau', 'sih', 'bagus', 'menurut', 'saya', 'yang', 'saya', 'tidak', 'suka', 'cuma', 'kenaikan', 'bbm', 'aja', 'apa', 'mahal', 'itu', 'aja', 'klw', 'kerjanya', 'beliau', 'mantab', '']", beliau sih bagus suka kenaikan bbm aja mahal aja klw kerjanya beliau mantab 
10/23/2022 9:50,Twitter for Android,,1.58412e+18,Andre Sinurat,in,0,0,1,111,0,b'@nawang991 @ivonedarm @idris_072 @detikcom politik identitas??? apakah jokowi yg wakil nya seorang ulama ketua mui bukan memakai politik identitasa???? serius nanya',b'    politik identitas??? apakah jokowi yg wakil nya seorang ulama ketua mui bukan memakai politik identitasa???? serius nanya', politik identitas apakah jokowi wakil nya seorang ulama ketua mui bukan memakai politik identitasa serius nanya ,"['', 'politik', 'identitas', 'apakah', 'jokowi', 'wakil', 'nya', 'seorang', 'ulama', 'ketua', 'mui', 'bukan', 'memakai', 'politik', 'identitasa', 'serius', 'nanya', '']", politik identitas jokowi wakil nya ulama ketua mui memakai politik identitasa serius nanya 
10/23/2022 9:50,Twitter for Android,"Jakarta Barat, DKI Jakarta",1.58412e+18,Radio Sonora Jakarta,in,0,0,315814,828252,145,"b'16.49 #beritasonora - jokowi tak peluk surya paloh, sekjen pdip: yang suka peluk itu surya paloh dengan anies baswedan https://t.co/33cw923fiq via @kompastv'","b'16.49 #beritasonora - jokowi tak peluk surya paloh, sekjen pdip: yang suka peluk itu surya paloh dengan anies baswedan https://t.co/33cw923fiq via '", beritasonora jokowi tak peluk surya paloh sekjen pdip yang suka peluk itu surya paloh dengan anies baswedan via ,"['', 'beritasonora', 'jokowi', 'tak', 'peluk', 'surya', 'paloh', 'sekjen', 'pdip', 'yang', 'suka', 'peluk', 'itu', 'surya', 'paloh', 'dengan', 'anies', 'baswedan', 'via', '']", beritasonora jokowi peluk surya paloh sekjen pdip suka peluk surya paloh anies baswedan via 
10/23/2022 9:50,Twitter for Android,Indonesia,1.58412e+18,TOLAK POLITIK IDENTITAS/AGAMA,in,0,0,168,7624,156,b'bicara adab..? bicara etika..?\nbuka topengmu kawan... ,b'bicara adab..? bicara etika..?\nbuka topengmu kawan... , bicara adab bicara etika nbuka topengmu kawan ,"['', 'bicara', 'adab', 'bicara', 'etika', 'nbuka', 'topengmu', 'kawan', '']", bicara adab bicara etika nbuka topengmu kawan 
10/23/2022 9:50,dlvr.it,"West Sumatra, Indonesia",1.58412e+18,Harian Haluan,in,0,0,131593,178528,20479,b'sindir jokowi? surya paloh: nasdem tak semborono pilih anies baswedan https://t.co/ejuzgyx8wo',b'sindir jokowi? surya paloh: nasdem tak semborono pilih anies baswedan https://t.co/ejuzgyx8wo', sindir jokowi surya paloh nasdem tak semborono pilih anies baswedan ,"['', 'sindir', 'jokowi', 'surya', 'paloh', 'nasdem', 'tak', 'semborono', 'pilih', 'anies', 'baswedan', '']", sindir jokowi surya paloh nasdem semborono pilih anies baswedan 
10/23/2022 9:50,Twitter for Android,indonesia,1.58412e+18,Usuludin,in,1,0,5891,1838,1938,"b'@husinshihab @alpacin22404216 @jokowi sihab, sampai kapan anda terus hidup begini hati2, sekali lagi hati\xc2\xb3 https://t.co/bu7gqsygsf'","b'   sihab, sampai kapan anda terus hidup begini hati2, sekali lagi hati\xc2\xb3 https://t.co/bu7gqsygsf'", sihab sampai kapan anda terus hidup begini hati sekali lagi hati ,"['', 'sihab', 'sampai', 'kapan', 'anda', 'terus', 'hidup', 'begini', 'hati', 'sekali', 'lagi', 'hati', '']", sihab hidup hati hati 
10/23/2022 9:50,Twitter for Android,"Kalimantan Tengah, Indonesia",1.58412e+18,Magdalena,in,1,0,16,259,111,b'terimakasih pak jokowi untuk blt bbm yang diberikan kepada masyarakat yang membutuhkan. kalimantan tengah\n#bltbbmbantumasyarakat\n#bansosbbmringankanrakyat\n#kpmpenyaluranblttepatsasaran\n#sukseskankebijakanpemerintah\n#subsidiberkeadilanuntukmasadepan https://t.co/d88x6ms1ge',b'terimakasih pak jokowi untuk blt bbm yang diberikan kepada masyarakat yang membutuhkan. kalimantan tengah\n#bltbbmbantumasyarakat\n#bansosbbmringankanrakyat\n#kpmpenyaluranblttepatsasaran\n#sukseskankebijakanpemerintah\n#subsidiberkeadilanuntukmasadepan https://t.co/d88x6ms1ge', terimakasih pak jokowi untuk blt bbm yang diberikan kepada masyarakat yang membutuhkan kalimantan tengah bltbbmbantumasyarakat bansosbbmringankanrakyat kpmpenyaluranblttepatsasaran sukseskankebijakanpemerintah subsidiberkeadilanuntukmasadepan ,"['', 'terimakasih', 'pak', 'jokowi', 'untuk', 'blt', 'bbm', 'yang', 'diberikan', 'kepada', 'masyarakat', 'yang', 'membutuhkan', 'kalimantan', 'tengah', 'bltbbmbantumasyarakat', 'bansosbbmringankanrakyat', 'kpmpenyaluranblttepatsasaran', 'sukseskankebijakanpemerintah', 'subsidiberkeadilanuntukmasadepan', '']", terimakasih jokowi blt bbm masyarakat membutuhkan kalimantan bltbbmbantumasyarakat bansosbbmringankanrakyat kpmpenyaluranblttepatsasaran sukseskankebijakanpemerintah subsidiberkeadilanuntukmasadepan 
10/23/2022 9:50,Twitter for Android,,1.58412e+18,Tony Green,in,0,0,374,3582,531,b'@nkri_jokowisyoo udah gak ada bahan.bentar lagi surat nikah palsu ujung ujungnya turunkan jokowi.khadrun khadrun https://t.co/pblt2vhd3x',b' udah gak ada bahan.bentar lagi surat nikah palsu ujung ujungnya turunkan jokowi.khadrun khadrun https://t.co/pblt2vhd3x', udah gak ada bahan bentar lagi surat nikah palsu ujung ujungnya turunkan jokowi khadrun khadrun ,"['', 'udah', 'gak', 'ada', 'bahan', 'bentar', 'lagi', 'surat', 'nikah', 'palsu', 'ujung', 'ujungnya', 'turunkan', 'jokowi', 'khadrun', 'khadrun', '']", udah gak bahan bentar surat nikah palsu ujung ujungnya turunkan jokowi khadrun khadrun 
10/23/2022 9:50,Twitter for Android,"Kota Surabaya, Jawa Timur",1.58412e+18,â’·. â“â“Šâ’¼ðŸ…ˆ ðŸ‡®ðŸ‡©â¤ï¸ðŸ‡®ðŸ‡©,in,0,0,3529,53240,4997,b'@alegiggle @abu_waras @nasdem @jokowi \xf0\x9f\xa4\xa3\xf0\x9f\xa4\xa3\xf0\x9f\xa4\xa3\xf0\x9f\xa4\xa3\n\nmember kaliii',b'    \xf0\x9f\xa4\xa3\xf0\x9f\xa4\xa3\xf0\x9f\xa4\xa3\xf0\x9f\xa4\xa3\n\nmember kaliii', nmember kalii ,"['', 'nmember', 'kalii', '']", nmember kalii 
10/23/2022 9:49,Twitter for Android,,1.58412e+18,Pras_manan,in,0,0,694,51087,850,b'@kipanyadap @jokowi maksudnya diskon pajak 350% apaan? pajak korporasi ditanggung pajak rakyat gt?',b'  maksudnya diskon pajak 350% apaan? pajak korporasi ditanggung pajak rakyat gt?', maksudnya diskon pajak apaan pajak korporasi ditanggung pajak rakyat ,"['', 'maksudnya', 'diskon', 'pajak', 'apaan', 'pajak', 'korporasi', 'ditanggung', 'pajak', 'rakyat', '']", maksudnya diskon pajak pajak korporasi ditanggung pajak rakyat 
10/23/2022 9:49,Twitter for Android,,1.58412e+18,Aniesologi,in,0,0,1674,623,1838,b'jokowi disebut planga plongo ribuan kali ga kenapa kenapa tuh\n\nbegitu jokowi menyebut sembrono 1x saja semua kelojotan dan blingsatan',b'jokowi disebut planga plongo ribuan kali ga kenapa kenapa tuh\n\nbegitu jokowi menyebut sembrono 1x saja semua kelojotan dan blingsatan', jokowi disebut planga plongo ribuan kali kenapa kenapa tuh nbegitu jokowi menyebut sembrono saja semua kelojotan dan blingsatan ,"['', 'jokowi', 'disebut', 'planga', 'plongo', 'ribuan', 'kali', 'kenapa', 'kenapa', 'tuh', 'nbegitu', 'jokowi', 'menyebut', 'sembrono', 'saja', 'semua', 'kelojotan', 'dan', 'blingsatan', '']", jokowi planga plongo ribuan kali tuh nbegitu jokowi menyebut sembrono kelojotan blingsatan 
10/23/2022 9:49,Twitter for iPhone,,1.58412e+18,MWar,in,0,0,285,6728,254,b'@valosenadya1 kasih tau jokowi dong. itukan gubernur terpilih dari petugas partai',b' kasih tau jokowi dong. itukan gubernur terpilih dari petugas partai', kasih tau jokowi dong itukan gubernur terpilih dari petugas partai ,"['', 'kasih', 'tau', 'jokowi', 'dong', 'itukan', 'gubernur', 'terpilih', 'dari', 'petugas', 'partai', '']", kasih tau jokowi itukan gubernur terpilih petugas partai 
10/23/2022 9:49,Twitter for Android,Afghanistan,1.58412e+18,Irjen Rambo,in,0,0,7,400,29,"b'@darkanamelia @luky_chan @husinshihab @bayumaruto4 @jokowi contoh prinsipnya bikin sumur resapan?pakai toa saat banjir?\xf0\x9f\x98\x81\xf0\x9f\x98\x81\xf0\x9f\x98\x81\nsoal prinsip boleh2 aja,harus malah.tapi tentu harus pintar agar prinsip yg dipegang berada dijalan yg bnr.kl msh goblok tapi ga mau dengar kata orang krn prinsip,wah bahaya itu.yg jd korban rakyat kecil\xf0\x9f\x99\x84\xf0\x9f\x99\x84\xf0\x9f\x99\x84'","b'     contoh prinsipnya bikin sumur resapan?pakai toa saat banjir?\xf0\x9f\x98\x81\xf0\x9f\x98\x81\xf0\x9f\x98\x81\nsoal prinsip boleh2 aja,harus malah.tapi tentu harus pintar agar prinsip yg dipegang berada dijalan yg bnr.kl msh goblok tapi ga mau dengar kata orang krn prinsip,wah bahaya itu.yg jd korban rakyat kecil\xf0\x9f\x99\x84\xf0\x9f\x99\x84\xf0\x9f\x99\x84'", contoh prinsipnya bikin sumur resapan pakai toa saat banjir nsoal prinsip boleh aja harus malah tapi tentu harus pintar agar prinsip dipegang berada dijalan bnr msh goblok tapi mau dengar kata orang krn prinsip wah bahaya itu korban rakyat kecil ,"['', 'contoh', 'prinsipnya', 'bikin', 'sumur', 'resapan', 'pakai', 'toa', 'saat', 'banjir', 'nsoal', 'prinsip', 'boleh', 'aja', 'harus', 'malah', 'tapi', 'tentu', 'harus', 'pintar', 'agar', 'prinsip', 'dipegang', 'berada', 'dijalan', 'bnr', 'msh', 'goblok', 'tapi', 'mau', 'dengar', 'kata', 'orang', 'krn', 'prinsip', 'wah', 'bahaya', 'itu', 'korban', 'rakyat', 'kecil', '']", contoh prinsipnya bikin sumur resapan pakai toa banjir nsoal prinsip aja pintar prinsip dipegang dijalan bnr msh goblok dengar orang krn prinsip bahaya korban rakyat 
10/23/2022 9:49,Twitter for iPhone,"medan, north sumatra",1.58412e+18,Yulvando,in,0,0,226,7716,320,"b'@iwanpiliang7 @jokowi saya mengikuti bang iwan sejak 2010 dan banyak tau apa yg beliau perbuat utk beliau sehingga menjadi pemimpin, semoga perteman bang iwan dgn pemimpin ini tetap berjalan walau sdh tdk menjabat lagi ... aamiin'","b'  saya mengikuti bang iwan sejak 2010 dan banyak tau apa yg beliau perbuat utk beliau sehingga menjadi pemimpin, semoga perteman bang iwan dgn pemimpin ini tetap berjalan walau sdh tdk menjabat lagi ... aamiin'", saya mengikuti bang iwan sejak dan banyak tau apa beliau perbuat utk beliau sehingga menjadi pemimpin semoga perteman bang iwan dgn pemimpin ini tetap berjalan walau sdh tdk menjabat lagi aamiin ,"['', 'saya', 'mengikuti', 'bang', 'iwan', 'sejak', 'dan', 'banyak', 'tau', 'apa', 'beliau', 'perbuat', 'utk', 'beliau', 'sehingga', 'menjadi', 'pemimpin', 'semoga', 'perteman', 'bang', 'iwan', 'dgn', 'pemimpin', 'ini', 'tetap', 'berjalan', 'walau', 'sdh', 'tdk', 'menjabat', 'lagi', 'aamiin', '']", mengikuti bang iwan tau beliau perbuat utk beliau pemimpin semoga perteman bang iwan dgn pemimpin berjalan sdh tdk menjabat aamiin 
10/23/2022 9:49,Twitter for Android,"Province of Moscow, Russia",1.58412e+18,A.D.C,in,0,0,182,3513,210,"b'@nahprojectteam happy birthday @nahprojectteam sukses untuk kalian, wishnya semoga brandnya laris manis dan segera keluarin produk terbaik ya. target kedepannya yg pake sepatu jangan pak jokowi aja, bisa lah pak putin atau joe biden juga pake \xf0\x9f\xa4\xa9\xf0\x9f\x94\xa5\xf0\x9f\x94\xa5\xf0\x9f\x94\xa5'","b' happy birthday  sukses untuk kalian, wishnya semoga brandnya laris manis dan segera keluarin produk terbaik ya. target kedepannya yg pake sepatu jangan pak jokowi aja, bisa lah pak putin atau joe biden juga pake \xf0\x9f\xa4\xa9\xf0\x9f\x94\xa5\xf0\x9f\x94\xa5\xf0\x9f\x94\xa5'", happy birthday sukses untuk kalian wishnya semoga brandnya laris manis dan segera keluarin produk terbaik target kedepannya pake sepatu jangan pak jokowi aja bisa lah pak putin atau joe biden juga pake ,"['', 'happy', 'birthday', 'sukses', 'untuk', 'kalian', 'wishnya', 'semoga', 'brandnya', 'laris', 'manis', 'dan', 'segera', 'keluarin', 'produk', 'terbaik', 'target', 'kedepannya', 'pake', 'sepatu', 'jangan', 'pak', 'jokowi', 'aja', 'bisa', 'lah', 'pak', 'putin', 'atau', 'joe', 'biden', 'juga', 'pake', '']", happy birthday sukses wishnya semoga brandnya laris manis keluarin produk terbaik target kedepannya pake sepatu jokowi aja putin joe biden pake 
10/23/2022 9:49,Twitter Web App,Banda Aceh,1.58412e+18,cloverhand,in,0,0,876,1830,830,"b'@fakhruddin_ms @donadam68 wah, kalo ini beneran... \nkpu berarti yang melakukan pelanggaran berat, karena meloloskan orang yang sama sekali ga qualified.. \xf0\x9f\x98\xad\nmungkin selama ini bukan salah jokowi (karena dia memang ga mampu brada di level itu), tapi org2 yang meloloskannya hingga dia berada di ri 1...'","b'  wah, kalo ini beneran... \nkpu berarti yang melakukan pelanggaran berat, karena meloloskan orang yang sama sekali ga qualified.. \xf0\x9f\x98\xad\nmungkin selama ini bukan salah jokowi (karena dia memang ga mampu brada di level itu), tapi org2 yang meloloskannya hingga dia berada di ri 1...'", wah kalo ini beneran nkpu berarti yang melakukan pelanggaran berat karena meloloskan orang yang sama sekali qualified xad nmungkin selama ini bukan salah jokowi karena dia memang mampu brada level itu tapi org yang meloloskannya hingga dia berada ,"['', 'wah', 'kalo', 'ini', 'beneran', 'nkpu', 'berarti', 'yang', 'melakukan', 'pelanggaran', 'berat', 'karena', 'meloloskan', 'orang', 'yang', 'sama', 'sekali', 'qualified', 'xad', 'nmungkin', 'selama', 'ini', 'bukan', 'salah', 'jokowi', 'karena', 'dia', 'memang', 'mampu', 'brada', 'level', 'itu', 'tapi', 'org', 'yang', 'meloloskannya', 'hingga', 'dia', 'berada', '']", kalo beneran nkpu pelanggaran berat meloloskan orang qualified xad nmungkin salah jokowi brada level org meloloskannya 
10/23/2022 9:49,Twitter for Android,,1.58412e+18,Ganevzi,in,0,0,39,2604,52,b'@abu_waras @nasdem @jokowi gak penting',b'   gak penting', gak penting ,"['', 'gak', 'penting', '']", gak 
10/23/2022 9:49,Twitter for Android,,1.58412e+18,Aiman_Judakusumah ðŸ‡®ðŸ‡©,in,0,0,7468,74944,7172,b'@caul_tanjung terus @faisalbasri yg pintar itu jasanya buat negara apa? \n\xf0\x9f\x98\x82\n\n@jokowi @erickthohir @kspgoid @prastow @oposisicerdas',b' terus  yg pintar itu jasanya buat negara apa? \n\xf0\x9f\x98\x82\n\n    ', terus pintar itu jasanya buat negara apa ,"['', 'terus', 'pintar', 'itu', 'jasanya', 'buat', 'negara', 'apa', '']", pintar jasanya negara 
10/23/2022 9:49,Twitter for Android,,1.58412e+18,Rzq,in,0,0,81,1128,325,b'@jokowi zaman sekarang tantanganya hutang',b' zaman sekarang tantanganya hutang', zaman sekarang tantanganya hutang ,"['', 'zaman', 'sekarang', 'tantanganya', 'hutang', '']", zaman tantanganya hutang 
10/23/2022 9:49,Twitter for Android,,1.58412e+18,Harley,in,0,0,20,27,65,"b'banyak keberhasilan presiden jokowi dalam menangani masalah di indonesia , salah satunya covid-19\n\n#jokowipresidenku\n#pembangunanuntukrakyat\n#presidenjokowihebat\n#jokowimembangunnegeri\n#jokowimajubersamaindonesia\n#nkrimajubersamajokowi\nbengkulu https://t.co/ljbl21qcg2'","b'banyak keberhasilan presiden jokowi dalam menangani masalah di indonesia , salah satunya covid-19\n\n#jokowipresidenku\n#pembangunanuntukrakyat\n#presidenjokowihebat\n#jokowimembangunnegeri\n#jokowimajubersamaindonesia\n#nkrimajubersamajokowi\nbengkulu https://t.co/ljbl21qcg2'", banyak keberhasilan presiden jokowi dalam menangani masalah indonesia salah satunya covid jokowipresidenku pembangunanuntukrakyat presidenjokowihebat jokowimembangunnegeri jokowimajubersamaindonesia nkrimajubersamajokowi nbengkulu ,"['', 'banyak', 'keberhasilan', 'presiden', 'jokowi', 'dalam', 'menangani', 'masalah', 'indonesia', 'salah', 'satunya', 'covid', 'jokowipresidenku', 'pembangunanuntukrakyat', 'presidenjokowihebat', 'jokowimembangunnegeri', 'jokowimajubersamaindonesia', 'nkrimajubersamajokowi', 'nbengkulu', '']", keberhasilan presiden jokowi menangani indonesia salah satunya covid jokowipresidenku pembangunanuntukrakyat presidenjokowihebat jokowimembangunnegeri jokowimajubersamaindonesia nkrimajubersamajokowi nbengkulu 
10/23/2022 9:49,Twitter for Android, Jabar Indonesia ,1.58412e+18,ðŸ‡®ðŸ‡©BARAðŸ‡®ðŸ‡©,in,0,0,5025,5861,5167,b'@diti44668265 @hulk_selluhijau @eireneeunomia justru itu yg sya tunggu pengn tau komentar dri org yg benci jokowi. \xf0\x9f\x98\x84',b'   justru itu yg sya tunggu pengn tau komentar dri org yg benci jokowi. \xf0\x9f\x98\x84', justru itu sya tunggu pengn tau komentar dri org benci jokowi ,"['', 'justru', 'itu', 'sya', 'tunggu', 'pengn', 'tau', 'komentar', 'dri', 'org', 'benci', 'jokowi', '']", sya tunggu pengn tau komentar dri org benci jokowi 
10/23/2022 9:49,twittbot.net,"Jakarta, Indonesia",1.58412e+18,FADLIDZON (Youtube: Fadlidzon Official),in,0,0,80,81815,8,"b'sebagaimana #gusdur, presiden jokowi termasuk salah satu tokoh toleransi indonesia. kepada para pemimpin agama, beliau menyampaikan pesan kedamaian, persatuan dan pembangunan bangsa. \nhttps://t.co/weaytyul7d'","b'sebagaimana #gusdur, presiden jokowi termasuk salah satu tokoh toleransi indonesia. kepada para pemimpin agama, beliau menyampaikan pesan kedamaian, persatuan dan pembangunan bangsa. \nhttps://t.co/weaytyul7d'", sebagaimana gusdur presiden jokowi termasuk salah satu tokoh toleransi indonesia kepada para pemimpin agama beliau menyampaikan pesan kedamaian persatuan dan pembangunan bangsa ,"['', 'sebagaimana', 'gusdur', 'presiden', 'jokowi', 'termasuk', 'salah', 'satu', 'tokoh', 'toleransi', 'indonesia', 'kepada', 'para', 'pemimpin', 'agama', 'beliau', 'menyampaikan', 'pesan', 'kedamaian', 'persatuan', 'dan', 'pembangunan', 'bangsa', '']", gusdur presiden jokowi salah tokoh toleransi indonesia pemimpin agama beliau pesan kedamaian persatuan pembangunan bangsa 
10/23/2022 9:49,Twitter for Android,"Sumatera Barat, Indonesia",1.58412e+18,Ade Surya Iskandar,in,0,0,242,3335,54,"b'@heritanjung13 @nasdem @jokowi ya dilihat saja pergerakannya, counter statement suara anjlok 9.04 dari 2019 harusnya bisa dibantahkan toh? sisanya 2024 nanti dilihat saja manuver2 lainnya'","b'   ya dilihat saja pergerakannya, counter statement suara anjlok 9.04 dari 2019 harusnya bisa dibantahkan toh? sisanya 2024 nanti dilihat saja manuver2 lainnya'", dilihat saja pergerakannya counter statement suara anjlok dari harusnya bisa dibantahkan toh sisanya nanti dilihat saja manuver lainnya ,"['', 'dilihat', 'saja', 'pergerakannya', 'counter', 'statement', 'suara', 'anjlok', 'dari', 'harusnya', 'bisa', 'dibantahkan', 'toh', 'sisanya', 'nanti', 'dilihat', 'saja', 'manuver', 'lainnya', '']", pergerakannya counter statement suara anjlok dibantahkan sisanya manuver 
10/23/2022 9:49,Twitter for Android,"ÃœT: -6.448347,106.809876",1.58412e+18,Ahmed,in,0,0,279,17265,526,"b'@alwizar69 @relawananies siapa yg ngusung jokowi pertama di tahun 2014? bukan pdip, tapi nasdem. he he.\n\nbtw, saya nyoblos dari tahun 1992. maaf ya.'","b'  siapa yg ngusung jokowi pertama di tahun 2014? bukan pdip, tapi nasdem. he he.\n\nbtw, saya nyoblos dari tahun 1992. maaf ya.'", siapa ngusung jokowi pertama tahun bukan pdip tapi nasdem nbtw saya nyoblos dari tahun maaf ,"['', 'siapa', 'ngusung', 'jokowi', 'pertama', 'tahun', 'bukan', 'pdip', 'tapi', 'nasdem', 'nbtw', 'saya', 'nyoblos', 'dari', 'tahun', 'maaf', '']", ngusung jokowi pdip nasdem nbtw nyoblos maaf 
